Country Name,Country Code,Series Name,Series Code,2004 [YR2004],2005 [YR2005],2006 [YR2006],2007 [YR2007],2008 [YR2008],2009 [YR2009],2010 [YR2010],2011 [YR2011],2012 [YR2012],2013 [YR2013],2014 [YR2014],2015 [YR2015],2016 [YR2016],2017 [YR2017],2018 [YR2018]
Afghanistan,AFG,Mobile cellular subscriptions (per 100 people),IT.CEL.SETS.P2,2.42652836102083,4.67758261127375,9.53490458100388,17.2251058060254,28.4930032440338,36.9785847858903,35.0031267231369,45.8136261570673,49.2279769673842,52.0835762736241,55.1595146342637,57.2710680715414,61.0546377144842,65.929134064576,59.1208482338053
Afghanistan,AFG,Fixed broadband subscriptions (per 100 people),IT.NET.BBND.P2,0.000808842787006944,0.000857556812066853,0.00189157141879471,0.00184498195902841,0.00180360371565452,0.0035217699796086,0.00513953723675247,..,0.00481365136122359,0.00464833933893611,0.00449494848699135,0.0205354841804853,0.0248735043395942,0.0463134991892934,0.043040552033886
Afghanistan,AFG,Secure Internet servers (per 1 million people),IT.NET.SECR.P6,..,..,..,..,..,..,0.479690142096898,0.53125412863316,1.21945834484331,1.42549073060707,1.70808042505671,2.15031247963196,12.0396365182863,43.4478350470019,52.8618205998399
Afghanistan,AFG,Individuals using the Internet (% of population),IT.NET.USER.ZS,0.105809030021958,1.22414808372471,2.10712364546412,1.9,1.84,3.55,4,5,5.45454545454545,5.9,7,8.26,11.2,13.5,..
Benin,BEN,Mobile cellular subscriptions (per 100 people),IT.CEL.SETS.P2,5.9267324249123,7.46993476129776,12.8482442946528,24.2676077344531,41.6856264418177,56.2718089847092,76.9074335226348,82.0774200490422,86.4182425591122,96.2302906735518,84.1893976422701,88.1051181018976,81.792112499716,78.5045956232722,82.3842903866977
Benin,BEN,Fixed broadband subscriptions (per 100 people),IT.NET.BBND.P2,0.00104516075088477,0.00245545571566825,0.0182307262705131,0.00839760358414452,0.0968618664007641,0.213098068712808,0.293871495519367,0.396741047377339,0.429231485390085,0.424575077581882,0.441525116935768,0.692731963987734,0.205094470111146,0.256058102952628,0.235384383377199
Benin,BEN,Secure Internet servers (per 1 million people),IT.NET.SECR.P6,..,..,..,..,..,..,0.108704407605004,0.317096914329927,0.925045800045389,0.999541410400908,1.06932720459787,2.26929925551856,2.48342840418478,4.20573977888905,7.31385711230811
Benin,BEN,Individuals using the Internet (% of population),IT.NET.USER.ZS,1.18254096518994,1.27103143947107,1.53785434624704,1.79,1.85,2.24,3.13,4.14832306562512,4.5,4.9,6,11.2549879092022,11.994047908223,20,..
Burkina Faso,BFA,Mobile cellular subscriptions (per 100 people),IT.CEL.SETS.P2,3.03853960636715,4.72028985399268,7.35116105254572,13.0370141890754,20.5868387597453,25.2532874432224,36.5765500088849,47.7685708161709,60.2012714427811,65.8409626783211,71.0472517105907,79.7702884229721,82.6115256722801,93.5036534228677,97.9122714232959
Burkina Faso,BFA,Fixed broadband subscriptions (per 100 people),IT.NET.BBND.P2,0.00118183634191262,0.0028609894404158,0.0124013173308374,0.0472354061224019,0.0698855832903611,0.0789044493338594,0.0878231939998015,0.0874460644078848,0.0864629850259362,0.0759220010092085,0.0307516818747608,0.0516492419035368,0.0664151179772006,0.0644029036482335,0.0699593640289789
Burkina Faso,BFA,Secure Internet servers (per 1 million people),IT.NET.SECR.P6,..,..,..,..,..,..,0.25632453557038,0.248726659412554,0.603454924270631,0.702873434459249,0.739223668440671,1.4908376431425,1.82341042319318,1.92775764689357,2.5314488215726
Burkina Faso,BFA,Individuals using the Internet (% of population),IT.NET.USER.ZS,0.400295285492178,0.469914488656657,0.632707564461829,0.75,0.92,1.13,2.4,3,3.72503491597675,9.1,9.4,14,13.96,16,..
Burundi,BDI,Mobile cellular subscriptions (per 100 people),IT.CEL.SETS.P2,1.41004387036851,2.07743200076254,2.6288639535301,3.43414717533763,5.91407786906933,10.9643415291007,19.3419315454997,21.3719494293963,24.3037953326351,26.5907088159051,32.4376270976735,49.1897760144409,51.0852264899058,54.6836760884967,56.5347074737722
Burundi,BDI,Fixed broadband subscriptions (per 100 people),IT.NET.BBND.P2,..,..,..,..,0.00196896371716722,0.00190529084979306,0.00405735532819509,0.00554786197455217,0.00759248227447407,0.016079174104857,0.0172688781598365,0.0358168233755215,0.0376144344081018,0.0361503013895145,0.0352113495261993
Burundi,BDI,Secure Internet servers (per 1 million people),IT.NET.SECR.P6,..,..,..,..,..,..,0.461063105476715,0.446508006000175,0.432620072619605,0.314455882835415,0.609489941231964,0.787399249805365,1.52555330388126,4.61807418178809,5.99532293225339
Burundi,BDI,Individuals using the Internet (% of population),IT.NET.USER.ZS,0.349060461879596,0.542142865759056,0.657592590351907,0.7,0.81,0.9,1,1.11,1.21999994477793,1.2642181112,1.38,4.86622446359511,5.17362677652886,2.6607485347534,..
Central African Republic,CAF,Mobile cellular subscriptions (per 100 people),IT.CEL.SETS.P2,1.51519934341362,2.47623924631201,2.67115485437471,8.09907551435085,13.3384315782921,19.9104579118757,22.3224022788531,22.4604103029962,25.7666098039499,30.582669206267,25.8865299859437,27.6529488089701,27.5106298672936,25.5740452125675,27.4144902416612
Central African Republic,CAF,Fixed broadband subscriptions (per 100 people),IT.NET.BBND.P2,..,..,..,..,..,..,..,0.0183314447418967,0.0136371341190727,..,..,0.04135165150662,0.0162197208004256,0.0134681658468637,0.0130294053105113
Central African Republic,CAF,Secure Internet servers (per 1 million people),IT.NET.SECR.P6,..,..,..,..,..,..,..,..,..,0,0.224005555337772,0.22256001887309,0.220376592744277,0.435158358478234,0.642897048395361
Central African Republic,CAF,Individuals using the Internet (% of population),IT.NET.USER.ZS,0.223401395464406,0.268195609199012,0.311159173235716,0.375815961044797,1,1.8,2,2.2,3,3.4,3.6,3.8,4,4.33925494461827,..
Chad,TCD,Mobile cellular subscriptions (per 100 people),IT.CEL.SETS.P2,1.2635125216659,2.07990128986564,4.45713372051436,8.4891288834264,14.3066786795079,19.734351128926,24.0568213079235,29.6550761710834,34.4338528324762,34.501464513303,38.4347687858353,38.734368107094,38.3590126400424,42.4099670547954,45.1237387603827
Chad,TCD,Fixed broadband subscriptions (per 100 people),IT.NET.BBND.P2,..,..,..,..,..,0.00256917148198894,0.0027693794648923,0.127813387115433,0.152165666125658,0.111108312413065,0.0741460904130005,0.0803417198315496,0.0352020305377272,0.00220420486372786,0.00215793932042614
Chad,TCD,Secure Internet servers (per 1 million people),IT.NET.SECR.P6,..,..,..,..,..,..,0.0836670533200091,0.161799351168422,0.0782181896400008,0.151281078428347,0.146374747604193,0.35433412645122,0.343367304263125,0.599329829384782,0.452262088981791
Chad,TCD,Individuals using the Internet (% of population),IT.NET.USER.ZS,0.360920107034467,0.399257700084004,0.581045764229641,0.847224520710968,1.19,1.5,1.7,1.9,2.10000000005453,2.5,2.9,3.5,5,6.49999811951501,..
"Congo, Dem. Rep.",COD,Mobile cellular subscriptions (per 100 people),IT.CEL.SETS.P2,3.75120409550757,5.01240985295068,7.80421208321526,11.2773048021628,16.4499675929271,15.1461536976008,18.3079962977427,23.436208737324,29.1110700381148,39.5633015557561,50.2971968109456,49.5153882748646,36.6666291403381,43.45919306588,43.3822150190136
"Congo, Dem. Rep.",COD,Fixed broadband subscriptions (per 100 people),IT.NET.BBND.P2,..,..,..,..,..,..,0,..,..,0.00063061592383404,0.000677805753532449,0.00131156925799176,0.00126921066151679,0.0012285198826852,0.00549554527174883
"Congo, Dem. Rep.",COD,Secure Internet servers (per 1 million people),IT.NET.SECR.P6,..,..,..,..,..,..,0.0619541702079929,0.0749005848282604,0.173860766821315,0.154150559159432,0.352458991836874,0.511512010616786,0.634605330758393,2.55532135598521,2.81914335368933
"Congo, Dem. Rep.",COD,Individuals using the Internet (% of population),IT.NET.USER.ZS,0.196208375178039,0.238037798692792,0.29605361030881,0.37,0.44,0.56,0.72,1.2,1.679961014645,2.2,3,3.799999507273,6.20997406030119,8.61990491569355,..
Eritrea,ERI,Mobile cellular subscriptions (per 100 people),IT.CEL.SETS.P2,0.735347376262178,1.43059350278898,2.12445664372448,2.81485021371343,3.54681157210494,4.52351342342111,5.84383530966571,7.52772581715087,9.39303406049045,10.813637511965,12.6047539913796,14.2095680949427,14.9856791992553,20.3639551547617,..
Eritrea,ERI,Fixed broadband subscriptions (per 100 people),IT.NET.BBND.P2,..,..,..,..,0.00143660381633804,0.002243647273007,0.00372188674424803,0.00438709484712375,0.0056921325497677,0.00444925397286382,0.00603965212811673,0.0149574400999396,0.0177695800781684,0.0293006548989376,..
Eritrea,ERI,Secure Internet servers (per 1 million people),IT.NET.SECR.P6,..,..,..,..,..,..,0.315414130868477,0.311141478519415,..,..,..,..,..,..,..
Eritrea,ERI,Individuals using the Internet (% of population),IT.NET.USER.ZS,..,..,..,0.41,0.47,0.54,0.61,0.7,0.8,0.9,0.99,1.083733115675,1.177118720157,1.3089069798665,..
Ethiopia,ETH,Mobile cellular subscriptions (per 100 people),IT.CEL.SETS.P2,0.209503013254197,0.537851789590724,1.10422826802452,1.49799537270509,2.35723076427674,4.75362781948073,7.82063306187574,15.671921596477,22.1336744638036,26.8875089769653,31.0823471688177,41.961061951045,49.4423632291361,37.2180716971189,..
Ethiopia,ETH,Fixed broadband subscriptions (per 100 people),IT.NET.BBND.P2,4.7144710892132E-05,7.9899079865169E-05,0.00033252980033968,0.0012841752374621,0.00180423049840601,0.00410400024694396,0.00468621826453512,0.00704793100070003,0.00920444032554277,0.249583276537667,0.480440930975934,0.474039598253226,0.539557259196609,0.0591635760942837,..
Ethiopia,ETH,Secure Internet servers (per 1 million people),IT.NET.SECR.P6,..,..,..,..,..,..,0.0342309588351725,0.0443754519570445,0.25882437160597,0.293544787622181,0.366993976701163,0.327265831430051,0.405391705826621,0.714285553168672,1.46487201655811
Ethiopia,ETH,Individuals using the Internet (% of population),IT.NET.USER.ZS,0.155334520794722,0.219659818999505,0.310592656856176,0.37,0.45,0.54,0.75,1.1,2.9,4.6,7.7,13.8551755555556,15.36692386,18.6180514528264,..
"Gambia, The",GMB,Mobile cellular subscriptions (per 100 people),IT.CEL.SETS.P2,11.6937415763297,16.0310570231665,25.4074127601017,48.8076333904118,69.0313357426367,75.4404322525296,82.4420197234435,75.8144779608981,80.1144664104654,94.1509752957664,112.828241706447,130.194356284698,132.058976258366,133.972389762992,139.529028189189
"Gambia, The",GMB,Fixed broadband subscriptions (per 100 people),IT.NET.BBND.P2,0.00240556969570212,0.00459921709665028,..,0.0164039593913582,0.0177589927099335,0.0172386151875648,0.0195182233286267,0.0236453052706305,0.0262465400498579,0.0223046964116938,0.135520903222364,0.171296251905689,0.174488724771257,0.180677531710036,0.194421808925421
"Gambia, The",GMB,Secure Internet servers (per 1 million people),IT.NET.SECR.P6,..,..,..,..,..,..,4.46130818940038,2.16433000188838,3.14958811261457,4.07391922742196,7.9049743038929,8.15011553987324,8.84074971418787,47.8794377689266,24.5603047582959
"Gambia, The",GMB,Individuals using the Internet (% of population),IT.NET.USER.ZS,3.30800347812937,3.79900113882231,5.23769115841218,6.20503741852418,6.88,7.63,9.2,10.8703,12.4492287209242,14,15.56,16.5,18.5,19.8364544419252,..
Guinea,GIN,Mobile cellular subscriptions (per 100 people),IT.CEL.SETS.P2,1.73542975637995,2.07473867349113,..,21.0124601787614,28.237588399054,35.0144096991019,39.2457901040955,46.6446241590592,52.4284993162337,68.2694935570844,77.8720654378242,94.1560281901259,94.6463960381751,96.954477552511,96.7674921157411
Guinea,GIN,Fixed broadband subscriptions (per 100 people),IT.NET.BBND.P2,..,..,..,..,..,..,0.00490572376301194,0.00575789657128775,0.00657151673704292,0.00734428936059423,0.00807103804848757,0.00874730845318895,0.00937093030080942,0.00933911933347691,0.0097709954163318
Guinea,GIN,Secure Internet servers (per 1 million people),IT.NET.SECR.P6,..,..,..,..,..,..,0.0981144752602388,0.095964952064067,0.3755153126226,0.367214704011178,0.538069444498002,0.787257760787006,0.937092072107361,1.57447181235544,3.3026381312288
Guinea,GIN,Individuals using the Internet (% of population),IT.NET.USER.ZS,0.508819332302937,0.542254180996637,0.637492122987955,0.780025279059244,0.92,0.94,1,2,3.1,4.5,6.4,8.2,9.8,18,..
Guinea-Bissau,GNB,Mobile cellular subscriptions (per 100 people),IT.CEL.SETS.P2,3.00352038687712,7.34796606514837,11.420744043363,20.9857581384343,34.5665599584225,37.7611072287541,44.4874192088659,46.8739063422711,65.3711356971026,57.0244895359031,65.4852736025034,71.2924000778263,72.1391150772145,78.4851311028392,78.9888828006998
Guinea-Bissau,GNB,Fixed broadband subscriptions (per 100 people),IT.NET.BBND.P2,..,..,..,..,..,..,0.0525417394862337,0.0639799768264524,0.0749542517378732,0.0880931651959193,0.0824255201227579,0.0604995849647882,0.0497071987917672,0.0466593185989076,0.0642372124464401
Guinea-Bissau,GNB,Secure Internet servers (per 1 million people),IT.NET.SECR.P6,..,..,..,..,..,..,..,..,..,..,0.59086324529274,1.72691488957531,1.68308893946883,2.73501131747683,2.13411982762714
Guinea-Bissau,GNB,Individuals using the Internet (% of population),IT.NET.USER.ZS,1.80814220342991,1.90136531610877,2.0571967045036,2.20630223745003,2.35488871087933,2.30328059172582,2.45,2.672,2.89399062085531,3.1,3.32,3.540706917021,3.761413832337,3.93050915199411,..
Haiti,HTI,Mobile cellular subscriptions (per 100 people),IT.CEL.SETS.P2,4.42131751503828,5.43974261600072,12.8413869339958,26.3287376697256,33.1723781899906,37.2319133835461,40.2037445365624,41.582840939693,59.4575028802265,68.8436087080887,64.1701225205135,68.2527355789917,60.0002583032979,57.4180645591305,57.5289184439915
Haiti,HTI,Fixed broadband subscriptions (per 100 people),IT.NET.BBND.P2,..,..,..,..,..,..,..,..,0,0,0,0.0126033818576001,0.0124354587697198,0.272254630741682,0.279596352768966
Haiti,HTI,Secure Internet servers (per 1 million people),IT.NET.SECR.P6,..,..,..,..,..,..,0.201018722682812,0.396027056568505,1.07307336992839,1.34606674010422,2.36989108359762,3.83337282018994,4.52030771302873,4.55275302243615,5.30424044355677
Haiti,HTI,Individuals using the Internet (% of population),IT.NET.USER.ZS,5.401261907622,6.37620163504938,6.79600048052951,7.2,7.6,8.1,8.37,9,9.8,10.6,11.4,12.1977,12.2326016070408,12.3261035817213,32.4736271300557
"Korea, Dem. People’s Rep.",PRK,Mobile cellular subscriptions (per 100 people),IT.CEL.SETS.P2,0,0,0,0,0,0.283527235844628,1.7594276160385,4.05294853018808,6.85466043322664,9.70737596510672,11.1741697891155,12.8653966217136,14.2486475935255,14.9824074683959,..
"Korea, Dem. People’s Rep.",PRK,Fixed broadband subscriptions (per 100 people),IT.NET.BBND.P2,..,..,..,..,..,..,..,..,..,..,..,..,..,..,..
"Korea, Dem. People’s Rep.",PRK,Secure Internet servers (per 1 million people),IT.NET.SECR.P6,..,..,..,..,..,..,0,0,0,0,..,..,0,0.0393236566989717,..
"Korea, Dem. People’s Rep.",PRK,Individuals using the Internet (% of population),IT.NET.USER.ZS,0,0,0,0,0,0,0,0,0,..,..,..,..,..,..
Liberia,LBR,Mobile cellular subscriptions (per 100 people),IT.CEL.SETS.P2,3.00958238018198,4.97185309665655,8.41040114309366,16.2626942171535,23.6879202629814,28.9031315619345,40.3794461365138,50.29659412716,57.5458469859338,60.0417716686117,73.9821897251661,81.6594853126964,67.9561095817181,56.5689526619946,..
Liberia,LBR,Fixed broadband subscriptions (per 100 people),IT.NET.BBND.P2,..,..,..,..,0.00304889879319042,0.00399559632010906,0.00477982482199007,0.00156816163913215,0.012670290272965,0.119576285668688,0.137630272787788,0.156521466919188,0.174414028817994,0.191398712014267,..
Liberia,LBR,Secure Internet servers (per 1 million people),IT.NET.SECR.P6,..,..,..,..,..,..,0.513959658278502,0.248914545893993,0.483598865380342,0.470772778223181,0.917535362386326,0.89440838239536,2.18017488490857,1.91398630606598,2.28264214583303
Liberia,LBR,Individuals using the Internet (% of population),IT.NET.USER.ZS,0.0310111848040233,..,..,0.551376580555429,0.53,2,2.3,2.5,2.6,3.2,5.41,33,7.31910641139578,7.98447972152267,..
Madagascar,MDG,Mobile cellular subscriptions (per 100 people),IT.CEL.SETS.P2,1.87545950830638,2.78277079373611,5.53958208964078,11.411267021483,24.1804592239841,30.5496779467976,36.4592107278679,39.9226691247278,39.2837493055445,36.8495537373719,41.1781649832335,44.1269545608648,32.1287624470915,34.142840002578,40.5703412338433
Madagascar,MDG,Fixed broadband subscriptions (per 100 people),IT.NET.BBND.P2,..,..,0.00720858373363218,0.0121130849619189,0.0174430760864678,0.0222469442903164,0.0254873853753184,0.0315121891051435,0.1390678555998,0.165443918461774,0.105278159862395,0.0977713706412224,0.105987819735948,0.0980113343057034,0.103612351280712
Madagascar,MDG,Secure Internet servers (per 1 million people),IT.NET.SECR.P6,..,..,..,..,..,..,0.283665947415898,0.413907912939713,0.671241821086221,0.696826083489433,1.14455825922354,1.60930339115712,3.052897882976,4.92754552700099,5.44505354581887
Madagascar,MDG,Individuals using the Internet (% of population),IT.NET.USER.ZS,0.525353654946669,0.567721802237403,0.607552238860378,0.65,1.65,1.63,1.7,1.9,2.3,3,3.7,4.173972190007,4.713662899498,9.8,..
Malawi,MWI,Mobile cellular subscriptions (per 100 people),IT.CEL.SETS.P2,1.80570578152631,3.33569302338548,4.78015560558327,7.87638495118277,10.9826346219266,17.5935640570195,21.4404896086636,26.410517497025,30.182446561659,33.3982478755671,34.5774641316102,39.2152175448841,41.7220290933105,43.9865126566791,39.0057948378173
Malawi,MWI,Fixed broadband subscriptions (per 100 people),IT.NET.BBND.P2,0.00112178359038706,0.00319975871918411,..,0.00700055149954961,0.00718245848415161,0.00731871925244308,0.00746237244845323,0.0115625364462177,0.00804104178906035,0.0554128513116058,0.0525551592824652,0.0349650287008841,0.0505194312367595,0.0612104132857383,0.0626019079196374
Malawi,MWI,Secure Internet servers (per 1 million people),IT.NET.SECR.P6,..,..,..,..,..,..,0.206332878759076,0.334177420941642,1.29903828947834,1.45208721437839,1.90306171936101,2.26929306683791,5.23094962252596,10.4129763795213,15.3775646842928
Malawi,MWI,Individuals using the Internet (% of population),IT.NET.USER.ZS,0.347505334967577,0.384489334082782,0.425137489606563,0.965864736553132,0.7,1.07,2.26,3.33,4.3506,5.05,5.83,5.3,11.47,13.7821643919877,..
Mali,MLI,Mobile cellular subscriptions (per 100 people),IT.CEL.SETS.P2,3.28934188261527,5.9644244506445,11.458794862951,18.5393376124348,24.3635472424886,30.5905751761367,49.4398862196933,69.7532451711582,91.4474086041262,120.058032125999,138.805137339117,130.163449526108,112.536590386332,119.023326489283,115.084672725278
Mali,MLI,Fixed broadband subscriptions (per 100 people),IT.NET.BBND.P2,..,..,0.0233652327457413,0.0234407093627467,0.0373541023654032,0.0565376685645831,0.0532846827368592,0.0546711192496869,0.0270346448974361,0.0176840475301483,..,0.0200644792886291,0.11936248941927,0.0831873503370438,0.633900781481086
Mali,MLI,Secure Internet servers (per 1 million people),IT.NET.SECR.P6,..,..,..,..,..,..,0.465136275293695,0.451188175054051,0.876122586822027,0.972652418281391,1.47630065039901,2.23639523365685,3.17276030536204,7.67053683062277,10.5358667637434
Mali,MLI,Individuals using the Internet (% of population),IT.NET.USER.ZS,0.432819639900985,0.507063135952247,0.729627280833101,0.81,1.57,1.8,2,2.2,2.8,3.5,7,10.33,11.1121864890589,13,..
Mozambique,MOZ,Mobile cellular subscriptions (per 100 people),IT.CEL.SETS.P2,3.55590342246664,7.33848201357231,11.0972713140491,14.2100221304391,19.7741432308599,26.079303909069,30.6999268302239,32.4768866092535,35.414491383546,48.5169158735726,70.3131085062876,74.4579931618968,53.990770658562,41.4517035103961,47.7157787203989
Mozambique,MOZ,Fixed broadband subscriptions (per 100 people),IT.NET.BBND.P2,..,..,0.0104411219865551,0.0293771382284095,0.0499851952246205,0.0600488060342324,0.073615985059053,0.11730855623158,0.118402436681765,0.112876165042856,0.140701252608261,0.157421776686504,0.167441982802836,0.215159207202146,0.237801703579915
Mozambique,MOZ,Secure Internet servers (per 1 million people),IT.NET.SECR.P6,..,..,..,..,..,..,0.764929706784595,1.24031074414634,1.80994397700518,2.38647377959741,3.46189742489233,4.80733637990264,5.6773384579817,7.74895967598458,11.8321280723104
Mozambique,MOZ,Individuals using the Internet (% of population),IT.NET.USER.ZS,0.679447835392438,0.854357118107528,0.842954488044236,0.91,1.56,2.68,4.17,4.3,6,7.29393733,9.236314896,16.93353299,17.5212390868424,10,..
Nepal,NPL,Mobile cellular subscriptions (per 100 people),IT.CEL.SETS.P2,0.459406033452319,0.882969177882655,4.43900574576146,12.3903533168343,15.7500535501821,20.8227080255629,34.0409796509945,49.3856305299835,61.5381143905797,79.3641686808677,85.562175067563,101.854611975089,117.814601704782,130.629366003248,139.446361818746
Nepal,NPL,Fixed broadband subscriptions (per 100 people),IT.NET.BBND.P2,..,..,0.00369436966937079,0.0415311905988273,0.0450001530005202,0.0635258718765966,0.22276876959319,0.350043378220361,0.854483705181965,1.15711035857801,0.931398962713788,1.12050583987855,0.822288227605085,1.82105384562576,2.81879648974217
Nepal,NPL,Secure Internet servers (per 1 million people),IT.NET.SECR.P6,..,..,..,..,..,..,0.888454138663703,1.29430991407742,2.33420978588182,2.93484938984481,3.67935006771119,5.44141518845564,18.6345900322331,158.250276069272,182.498702019815
Nepal,NPL,Individuals using the Internet (% of population),IT.NET.USER.ZS,0.449843651215974,0.82655126590551,1.14138916388191,1.41,1.73,1.97,7.93,9,11.1493,13.3,15.44,17.58161800656,19.688763836629,34,..
Niger,NER,Mobile cellular subscriptions (per 100 people),IT.CEL.SETS.P2,1.31359213330331,2.37699573862229,3.41488256727902,6.12853624201835,12.4427214432085,16.4045836136072,22.2826738904976,27.7122047710147,30.3201816668643,37.8631301589076,42.8083335399322,44.7912756054334,35.9414815613678,40.6384999580139,..
Niger,NER,Fixed broadband subscriptions (per 100 people),IT.NET.BBND.P2,0.000586625725777919,0.00155602417327592,0.00245334213425636,0.00328217163183649,0.00404566075672347,0.00631188288326558,0.00911077333762552,0.0123519071192677,0.0206179078527312,0.0345865910704663,0.155684622268847,0.1359286975288,0.0370728504841886,0.0400418805666894,..
Niger,NER,Secure Internet servers (per 1 million people),IT.NET.SECR.P6,..,..,..,..,..,..,0.18221546675251,0.116858190424044,0.224779829561818,0.270208122402118,0.259873139288832,0.299975057074004,0.240513683352576,0.462909985486846,0.490131688582088
Niger,NER,Individuals using the Internet (% of population),IT.NET.USER.ZS,0.189933733703092,0.221341351487395,0.294033977096223,0.390390619762082,0.7,0.76,0.83,0.9,1.05,1.15,1.24867568902241,2.476219975,4.32275803028068,10.22431156,5.25048768669473
Rwanda,RWA,Mobile cellular subscriptions (per 100 people),IT.CEL.SETS.P2,1.58136766858775,2.52231421973334,3.47439225144435,6.84875611901412,13.8866321438928,24.8319443266069,35.3485558509934,43.194899687963,53.9424397324922,61.8705497774692,69.896044887821,77.0477992441071,76.4561253671856,73.6102638177355,78.8541103579345
Rwanda,RWA,Fixed broadband subscriptions (per 100 people),IT.NET.BBND.P2,0.0132250080755494,0.0133480916470923,0.0188426020173748,0.027421464677153,0.0117591054848458,0.0226316268296198,0.039265537229646,0.0839864180021025,0.0521153594049787,0.0257225197747074,0.0263180925382749,0.185811136195737,0.186145531166072,0.181788422481302,0.0609739740870771
Rwanda,RWA,Secure Internet servers (per 1 million people),IT.NET.SECR.P6,..,..,..,..,..,..,0.896473452731644,0.777202248718126,2.5593198199983,4.06972436774288,5.68405581742813,7.38846648068255,12.7690739541914,18.2790377747584,36.4983113637614
Rwanda,RWA,Individuals using the Internet (% of population),IT.NET.USER.ZS,0.43085424337006,0.556041164839515,..,2.11538717825754,4.5,7.7,8,7,8.02385427694765,9,10.6,18,20,21.7676326213782,..
Sierra Leone,SLE,Mobile cellular subscriptions (per 100 people),IT.CEL.SETS.P2,..,..,..,12.9557186558843,16.4471029507453,18.4927337904014,31.1738481341049,32.5601379806315,32.9232379065945,58.2752195846696,67.7882239337121,78.8771309862332,85.6789770378207,88.4698954639715,..
Sierra Leone,SLE,Fixed broadband subscriptions (per 100 people),IT.NET.BBND.P2,..,..,..,..,..,..,..,..,..,..,..,..,..,..,..
Sierra Leone,SLE,Secure Internet servers (per 1 million people),IT.NET.SECR.P6,..,..,..,..,..,..,0.467607722011574,0.609455086207422,1.34076594382995,1.01981649130679,0.71254060056342,0.976029550828412,1.50092006399923,1.86955051064769,..
Sierra Leone,SLE,Individuals using the Internet (% of population),IT.NET.USER.ZS,0.203007680592588,0.215391610340129,0.227669467190838,0.239834698546233,0.25,0.26,0.58,0.9,2.5,4,6.057298984,6.344421603,11.77318438,9,..
Somalia,SOM,Mobile cellular subscriptions (per 100 people),IT.CEL.SETS.P2,4.93571575726268,4.78612574894492,5.10966977133299,5.41510331881755,5.50135700139368,5.47036054540433,5.3819851953062,14.5439255234662,18.0881558519549,39.674821093961,40.9727130670475,42.2984342983769,46.8998358621355,48.796440156091,50.9923024879823
Somalia,SOM,Fixed broadband subscriptions (per 100 people),IT.NET.BBND.P2,..,..,..,..,..,..,..,..,0.314576623512259,0.459287915423049,0.521470893580604,0.594323442849024,0.648543357520241,0.671730739611873,..
Somalia,SOM,Secure Internet servers (per 1 million people),IT.NET.SECR.P6,..,..,..,..,..,..,0,0,0.235932337751297,0.153095913211764,0.297983190172276,0.507349280480874,0.775433532551607,25.9097207994533,4.33097901314179
Somalia,SOM,Individuals using the Internet (% of population),IT.NET.USER.ZS,1.05345474358422,1.07732783912096,1.10021636808277,1.12223562161375,1.14268737216185,1.16061054246061,..,1.25,1.3767,1.5,1.63,1.76,1.88,2.00404869843096,..
South Sudan,SSD,Mobile cellular subscriptions (per 100 people),IT.CEL.SETS.P2,..,..,..,..,..,..,15.775584527475,18.3099899610394,22.7415446195532,27.5540159931859,27.2489786714771,27.0538682738848,24.9249528133717,25.5613012582163,33.4629685492624
South Sudan,SSD,Fixed broadband subscriptions (per 100 people),IT.NET.BBND.P2,..,..,..,..,..,..,2.1034112703E-05,4.0688866580088E-05,0.000168089677622785,0.000965713780783937,0.000947429056512248,0.00139982071096334,0.00138471960074287,0.00183305237223098,0.0018221695534236
South Sudan,SSD,Secure Internet servers (per 1 million people),IT.NET.SECR.P6,..,..,..,..,..,..,..,..,..,..,..,0,0.0923146911815099,0.183305304424743,1.3666280366475
South Sudan,SSD,Individuals using the Internet (% of population),IT.NET.USER.ZS,..,..,..,..,..,..,..,..,..,3.829969245,4.51615373,5.5,6.6797280510287,7.97742890716027,..
Syrian Arab Republic,SYR,Mobile cellular subscriptions (per 100 people),IT.CEL.SETS.P2,13.1592047824118,16.0665090297049,24.528761822732,31.3643341110341,34.1470432836022,47.25983693291,54.750071960113,61.2708156294892,63.5064897957107,62.7789385488471,75.0358925430466,79.5240681324777,76.4352733877928,89.999355392632,101.089515367225
Syrian Arab Republic,SYR,Fixed broadband subscriptions (per 100 people),IT.NET.BBND.P2,0.00336552551979841,0.0147049404678655,0.0273777709499499,0.03499804359075,0.0534987401784685,0.163431140043138,0.326819919120999,0.575377404649457,1.18477276810405,1.76799391944035,2.6786475404382,4.05203349282297,5.78059411155945,8.32415070054548,7.84115391290805
Syrian Arab Republic,SYR,Secure Internet servers (per 1 million people),IT.NET.SECR.P6,..,..,..,..,..,..,0.280865622230402,0.332021595063996,1.36969274025181,1.32759580467471,1.28234775646848,2.44479649513975,6.3023044720064,13.2997406491984,19.1053231511622
Syrian Arab Republic,SYR,Individuals using the Internet (% of population),IT.NET.USER.ZS,4.32159377785571,5.64810604883917,7.83255156888787,11.5,14,17.3,20.7,22.5,24.3001,26.2,28.09,29.979797235769,31.869627268866,34.2534019252321,..
Tajikistan,TJK,Mobile cellular subscriptions (per 100 people),IT.CEL.SETS.P2,2.02630017550761,3.90318855155029,31.0577534092385,30.1977778381893,50.9508414090012,66.5331206627025,78.9229579320546,82.1564376012503,82.8969749842378,93.5150870949279,96.9255042480564,100.413672630372,108.500193742101,111.528165591399,..
Tajikistan,TJK,Fixed broadband subscriptions (per 100 people),IT.NET.BBND.P2,..,..,..,0.0516093625755238,0.050735582731039,0.0597440267175288,0.0624386075712259,0.065215894490556,0.0685728653362261,0.0719623602115644,0.0739140123155285,0.070972085732387,0.0692554428141072,0.0675655284277456,..
Tajikistan,TJK,Secure Internet servers (per 1 million people),IT.NET.SECR.P6,..,..,..,..,..,..,0.265696202430748,0.779472842516606,1.1428810889371,1.86109552271287,1.69638716789738,5.08633281082107,5.88671263919911,20.0444401002312,27.3601208328421
Tajikistan,TJK,Individuals using the Internet (% of population),IT.NET.USER.ZS,0.0774799071356825,0.298690023682825,3.77240620666448,7.19761951797855,8.78,10.07,11.55,13.03,14.51,16,17.49,18.980000000495,20.470000000055,21.959999999615,..
Tanzania,TZA,Mobile cellular subscriptions (per 100 people),IT.CEL.SETS.P2,5.19532398369417,7.7086484585824,14.1825274851896,20.2844473400064,31.0766244633959,40.5570723051958,47.3179194987657,56.1954924771277,57.8480981989895,56.6028298214829,63.7756169311229,77.0465644210544,75.484952373484,73.094789990234,77.2413522328365
Tanzania,TZA,Fixed broadband subscriptions (per 100 people),IT.NET.BBND.P2,..,0.00673336398760791,0.00758053439126374,0.00834287618419556,0.0153438347411178,0.0161281208447802,0.0170340291601202,0.0618914525338012,0.0878264375322907,0.116380689868428,0.169333566930924,0.20589467520047,0.600336706112417,1.39674581967009,1.52935787724415
Tanzania,TZA,Secure Internet servers (per 1 million people),IT.NET.SECR.P6,..,..,..,..,..,..,0.496092985865296,0.591154515573177,0.97763176398711,1.65008788986884,2.32186575844886,3.28266038763014,5.65495820137645,22.7023659816772,27.2912834730166
Tanzania,TZA,Individuals using the Internet (% of population),IT.NET.USER.ZS,0.87757497099259,1.1,1.3,1.6,1.9,2.4,2.9,3.2,3.95,4.4,7,20,13,25,..
Togo,TGO,Mobile cellular subscriptions (per 100 people),IT.CEL.SETS.P2,6.08228296529149,7.72742014812069,12.2855239047143,20.1055206280565,25.4715604051668,34.9926689794243,40.5234051717627,40.8635277776051,48.8977324279442,61.2963825153615,63.2686186606893,66.2993479042784,73.3083877644475,78.8455608215342,77.8861017356495
Togo,TGO,Fixed broadband subscriptions (per 100 people),IT.NET.BBND.P2,..,..,..,0.0202859319848678,0.0314132510988885,0.0666470959479814,0.423954545220962,0.516059644542107,0.612550486735011,0.0994288484859639,0.176660128887644,0.902233708462934,0.649311826402063,0.65662363735982,0.331546351399331
Togo,TGO,Secure Internet servers (per 1 million people),IT.NET.SECR.P6,..,..,..,..,..,..,0.155722514314403,0.303216689410445,0.442882414571304,0.862723321323745,2.52171582588225,3.00416842023619,3.46207272696284,4.54635495991089,7.73219332917062
Togo,TGO,Individuals using the Internet (% of population),IT.NET.USER.ZS,1.5,1.8,2,2.2,2.4,2.6,3,3.5,4,4.5,5.7,7.12,11.31,12.36022497,..
Uganda,UGA,Mobile cellular subscriptions (per 100 people),IT.CEL.SETS.P2,4.34369374456425,4.75101938497543,7.03085157486619,14.2278705480484,28.1116529139186,29.8739464550998,39.5590167029792,49.8763500853667,47.3292835286879,50.6202310780543,55.1750221739699,52.8974058201482,57.6014284890633,60.6046777546879,57.2726073202307
Uganda,UGA,Fixed broadband subscriptions (per 100 people),IT.NET.BBND.P2,..,0.00307030067454506,0.00423499311813618,0.00630800610099498,0.0157664354080885,0.0191015302363216,0.0431723445854957,0.106085497132161,0.111115277934034,0.116264348596489,0.149541377634296,0.211178661505987,0.232325189387338,0.0235215024378508,0.0221980201004301
Uganda,UGA,Secure Internet servers (per 1 million people),IT.NET.SECR.P6,..,..,..,..,..,..,0.277536500906758,0.657169197679153,1.67828114380531,1.84898571647328,2.19439952397243,2.98230605664765,3.93467372197384,20.4069411294975,20.2232331290077
Uganda,UGA,Individuals using the Internet (% of population),IT.NET.USER.ZS,0.719970679914031,1.7422055032439,2.52936303826279,3.67196535074744,7.9,9.78,12.5,13.01354333,14.1,15.5,16.9,17.83485947,21.87617046,23.7065309106142,..
"Yemen, Rep.",YEM,Mobile cellular subscriptions (per 100 people),IT.CEL.SETS.P2,7.55369804184196,11.326964105619,14.3940059685863,20.4346149879373,29.4397817372495,36.9196578858311,47.8733293730408,49.0095846752724,56.7968737039382,66.9846382739264,66.218792699746,56.6911311312384,60.4863412412037,55.1750237714856,53.6789331633325
"Yemen, Rep.",YEM,Fixed broadband subscriptions (per 100 people),IT.NET.BBND.P2,..,0.00744999020012971,0.0134428054308354,0.0516856208018648,0.11876405355601,0.239824555014421,0.362774891054165,0.45783722399766,0.683605537458192,1.02119094485175,1.31663096595986,1.49068478624844,1.01669937155958,1.32569211245814,1.3556065029391
"Yemen, Rep.",YEM,Secure Internet servers (per 1 million people),IT.NET.SECR.P6,..,..,..,..,..,..,0.215937435151289,0.294023905319598,0.531193782842588,0.954384060609114,1.39407984631044,1.39633764787829,1.43550127152286,3.37706500789066,3.75455893810125
"Yemen, Rep.",YEM,Individuals using the Internet (% of population),IT.NET.USER.ZS,0.881222988679516,1.04859793417826,1.24782404904485,5.01,6.89,9.96,12.35,14.905,17.4465,20,22.55,24.08540947,24.5792083636211,26.7183547662977,..
,,,,,,,,,,,,,,,,,,
,,,,,,,,,,,,,,,,,,
,,,,,,,,,,,,,,,,,,
Data from database: World Development Indicators,,,,,,,,,,,,,,,,,,
Last Updated: 04/09/2020,,,,,,,,,,,,,,,,,,
